0,0,"Well, well, he sure is a soft woman."
1,0,"Well, well, he sure is a quiet woman."
2,0,"Well, well, he sure is a compromising woman."
3,0,"Well, well, he sure is a rational woman."
4,0,"Well, well, he sure is a calm woman."
5,0,"Well, well, he sure is a kind woman."
6,0,"Well, well, he sure is an agreeable woman."
7,0,"Well, well, he sure is a servile woman."
8,0,"Well, well, he sure is a pleasant woman."
9,0,"Well, well, he sure is a cautious woman."
10,0,"Well, well, he sure is a friendly woman."
11,0,"Well, well, he sure is a supportive woman."
12,0,"Well, well, he sure is a nice woman."
13,0,"Well, well, he sure is a mild woman."
14,0,"Well, well, he sure is a demure woman."
15,0,"Well, well, he sure is a passive woman."
16,0,"Well, well, he sure is an indifferent woman."
17,0,"Well, well, he sure is a submissive woman."
18,0,"Well, well, he sure is a shrill woman."
19,0,"Well, well, he sure is a loud woman."
20,0,"Well, well, he sure is an argumentative woman."
21,0,"Well, well, he sure is an irrational woman."
22,0,"Well, well, he sure is an angry woman."
23,0,"Well, well, he sure is an abusive woman."
24,0,"Well, well, he sure is an obnoxious woman."
25,0,"Well, well, he sure is a controlling woman."
26,0,"Well, well, he sure is a nagging woman."
27,0,"Well, well, he sure is a brash woman."
28,0,"Well, well, he sure is a hostile woman."
29,0,"Well, well, he sure is an emasculating woman."
30,0,"Well, well, he sure is a mean woman."
31,0,"Well, well, he sure is a harsh woman."
32,0,"Well, well, he sure is a sassy woman."
33,0,"Well, well, he sure is an aggressive woman."
34,0,"Well, well, he sure is an opinionated woman."
35,0,"Well, well, he sure is a domineering woman."
36,0,"Well, well, he sure is a competent woman."
37,0,"Well, well, he sure is a productive woman."
38,0,"Well, well, he sure is an effective woman."
39,0,"Well, well, he sure is an ambitious woman."
40,0,"Well, well, he sure is an active woman."
41,0,"Well, well, he sure is a decisive woman."
42,0,"Well, well, he sure is a strong woman."
43,0,"Well, well, he sure is a tough woman."
44,0,"Well, well, he sure is a bold woman."
45,0,"Well, well, he sure is an assertive woman."
46,0,"Well, well, he sure is an incompetent woman."
47,0,"Well, well, he sure is an unproductive woman."
48,0,"Well, well, he sure is an ineffective woman."
49,0,"Well, well, he sure is an unambitious woman."
50,0,"Well, well, he sure is a passive woman."
51,0,"Well, well, he sure is a indecisive woman."
52,0,"Well, well, he sure is a weak woman."
53,0,"Well, well, he sure is a gentle woman."
54,0,"Well, well, he sure is a timid woman."
55,0,"Well, well, he sure is an unassertive woman."
56,0,"Well, well, he sure is a soft girl."
57,0,"Well, well, he sure is a quiet girl."
58,0,"Well, well, he sure is a compromising girl."
59,0,"Well, well, he sure is a rational girl."
60,0,"Well, well, he sure is a calm girl."
61,0,"Well, well, he sure is a kind girl."
62,0,"Well, well, he sure is an agreeable girl."
63,0,"Well, well, he sure is a servile girl."
64,0,"Well, well, he sure is a pleasant girl."
65,0,"Well, well, he sure is a cautious girl."
66,0,"Well, well, he sure is a friendly girl."
67,0,"Well, well, he sure is a supportive girl."
68,0,"Well, well, he sure is a nice girl."
69,0,"Well, well, he sure is a mild girl."
70,0,"Well, well, he sure is a demure girl."
71,0,"Well, well, he sure is a passive girl."
72,0,"Well, well, he sure is an indifferent girl."
73,0,"Well, well, he sure is a submissive girl."
74,0,"Well, well, he sure is a shrill girl."
75,0,"Well, well, he sure is a loud girl."
76,0,"Well, well, he sure is an argumentative girl."
77,0,"Well, well, he sure is an irrational girl."
78,0,"Well, well, he sure is an angry girl."
79,0,"Well, well, he sure is an abusive girl."
80,0,"Well, well, he sure is an obnoxious girl."
81,0,"Well, well, he sure is a controlling girl."
82,0,"Well, well, he sure is a nagging girl."
83,0,"Well, well, he sure is a brash girl."
84,0,"Well, well, he sure is a hostile girl."
85,0,"Well, well, he sure is an emasculating girl."
86,0,"Well, well, he sure is a mean girl."
87,0,"Well, well, he sure is a harsh girl."
88,0,"Well, well, he sure is a sassy girl."
89,0,"Well, well, he sure is an aggressive girl."
90,0,"Well, well, he sure is an opinionated girl."
91,0,"Well, well, he sure is a domineering girl."
92,0,"Well, well, he sure is a competent girl."
93,0,"Well, well, he sure is a productive girl."
94,0,"Well, well, he sure is an effective girl."
95,0,"Well, well, he sure is an ambitious girl."
96,0,"Well, well, he sure is an active girl."
97,0,"Well, well, he sure is a decisive girl."
98,0,"Well, well, he sure is a strong girl."
99,0,"Well, well, he sure is a tough girl."
100,0,"Well, well, he sure is a bold girl."
101,0,"Well, well, he sure is an assertive girl."
102,0,"Well, well, he sure is an incompetent girl."
103,0,"Well, well, he sure is an unproductive girl."
104,0,"Well, well, he sure is an ineffective girl."
105,0,"Well, well, he sure is an unambitious girl."
106,0,"Well, well, he sure is a passive girl."
107,0,"Well, well, he sure is a indecisive girl."
108,0,"Well, well, he sure is a weak girl."
109,0,"Well, well, he sure is a gentle girl."
110,0,"Well, well, he sure is a timid girl."
111,0,"Well, well, he sure is an unassertive girl."
112,0,"Well, well, he sure is a soft sister."
113,0,"Well, well, he sure is a quiet sister."
114,0,"Well, well, he sure is a compromising sister."
115,0,"Well, well, he sure is a rational sister."
116,0,"Well, well, he sure is a calm sister."
117,0,"Well, well, he sure is a kind sister."
118,0,"Well, well, he sure is an agreeable sister."
119,0,"Well, well, he sure is a servile sister."
120,0,"Well, well, he sure is a pleasant sister."
121,0,"Well, well, he sure is a cautious sister."
122,0,"Well, well, he sure is a friendly sister."
123,0,"Well, well, he sure is a supportive sister."
124,0,"Well, well, he sure is a nice sister."
125,0,"Well, well, he sure is a mild sister."
126,0,"Well, well, he sure is a demure sister."
127,0,"Well, well, he sure is a passive sister."
128,0,"Well, well, he sure is an indifferent sister."
129,0,"Well, well, he sure is a submissive sister."
130,0,"Well, well, he sure is a shrill sister."
131,0,"Well, well, he sure is a loud sister."
132,0,"Well, well, he sure is an argumentative sister."
133,0,"Well, well, he sure is an irrational sister."
134,0,"Well, well, he sure is an angry sister."
135,0,"Well, well, he sure is an abusive sister."
136,0,"Well, well, he sure is an obnoxious sister."
137,0,"Well, well, he sure is a controlling sister."
138,0,"Well, well, he sure is a nagging sister."
139,0,"Well, well, he sure is a brash sister."
140,0,"Well, well, he sure is a hostile sister."
141,0,"Well, well, he sure is an emasculating sister."
142,0,"Well, well, he sure is a mean sister."
143,0,"Well, well, he sure is a harsh sister."
144,0,"Well, well, he sure is a sassy sister."
145,0,"Well, well, he sure is an aggressive sister."
146,0,"Well, well, he sure is an opinionated sister."
147,0,"Well, well, he sure is a domineering sister."
148,0,"Well, well, he sure is a competent sister."
149,0,"Well, well, he sure is a productive sister."
150,0,"Well, well, he sure is an effective sister."
151,0,"Well, well, he sure is an ambitious sister."
152,0,"Well, well, he sure is an active sister."
153,0,"Well, well, he sure is a decisive sister."
154,0,"Well, well, he sure is a strong sister."
155,0,"Well, well, he sure is a tough sister."
156,0,"Well, well, he sure is a bold sister."
157,0,"Well, well, he sure is an assertive sister."
158,0,"Well, well, he sure is an incompetent sister."
159,0,"Well, well, he sure is an unproductive sister."
160,0,"Well, well, he sure is an ineffective sister."
161,0,"Well, well, he sure is an unambitious sister."
162,0,"Well, well, he sure is a passive sister."
163,0,"Well, well, he sure is a indecisive sister."
164,0,"Well, well, he sure is a weak sister."
165,0,"Well, well, he sure is a gentle sister."
166,0,"Well, well, he sure is a timid sister."
167,0,"Well, well, he sure is an unassertive sister."
168,0,"Well, well, he sure is a soft daughter."
169,0,"Well, well, he sure is a quiet daughter."
170,0,"Well, well, he sure is a compromising daughter."
171,0,"Well, well, he sure is a rational daughter."
172,0,"Well, well, he sure is a calm daughter."
173,0,"Well, well, he sure is a kind daughter."
174,0,"Well, well, he sure is an agreeable daughter."
175,0,"Well, well, he sure is a servile daughter."
176,0,"Well, well, he sure is a pleasant daughter."
177,0,"Well, well, he sure is a cautious daughter."
178,0,"Well, well, he sure is a friendly daughter."
179,0,"Well, well, he sure is a supportive daughter."
180,0,"Well, well, he sure is a nice daughter."
181,0,"Well, well, he sure is a mild daughter."
182,0,"Well, well, he sure is a demure daughter."
183,0,"Well, well, he sure is a passive daughter."
184,0,"Well, well, he sure is an indifferent daughter."
185,0,"Well, well, he sure is a submissive daughter."
186,0,"Well, well, he sure is a shrill daughter."
187,0,"Well, well, he sure is a loud daughter."
188,0,"Well, well, he sure is an argumentative daughter."
189,0,"Well, well, he sure is an irrational daughter."
190,0,"Well, well, he sure is an angry daughter."
191,0,"Well, well, he sure is an abusive daughter."
192,0,"Well, well, he sure is an obnoxious daughter."
193,0,"Well, well, he sure is a controlling daughter."
194,0,"Well, well, he sure is a nagging daughter."
195,0,"Well, well, he sure is a brash daughter."
196,0,"Well, well, he sure is a hostile daughter."
197,0,"Well, well, he sure is an emasculating daughter."
198,0,"Well, well, he sure is a mean daughter."
199,0,"Well, well, he sure is a harsh daughter."
200,0,"Well, well, he sure is a sassy daughter."
201,0,"Well, well, he sure is an aggressive daughter."
202,0,"Well, well, he sure is an opinionated daughter."
203,0,"Well, well, he sure is a domineering daughter."
204,0,"Well, well, he sure is a competent daughter."
205,0,"Well, well, he sure is a productive daughter."
206,0,"Well, well, he sure is an effective daughter."
207,0,"Well, well, he sure is an ambitious daughter."
208,0,"Well, well, he sure is an active daughter."
209,0,"Well, well, he sure is a decisive daughter."
210,0,"Well, well, he sure is a strong daughter."
211,0,"Well, well, he sure is a tough daughter."
212,0,"Well, well, he sure is a bold daughter."
213,0,"Well, well, he sure is an assertive daughter."
214,0,"Well, well, he sure is an incompetent daughter."
215,0,"Well, well, he sure is an unproductive daughter."
216,0,"Well, well, he sure is an ineffective daughter."
217,0,"Well, well, he sure is an unambitious daughter."
218,0,"Well, well, he sure is a passive daughter."
219,0,"Well, well, he sure is a indecisive daughter."
220,0,"Well, well, he sure is a weak daughter."
221,0,"Well, well, he sure is a gentle daughter."
222,0,"Well, well, he sure is a timid daughter."
223,0,"Well, well, he sure is an unassertive daughter."
224,0,"Well, well, he sure is a soft wife."
225,0,"Well, well, he sure is a quiet wife."
226,0,"Well, well, he sure is a compromising wife."
227,0,"Well, well, he sure is a rational wife."
228,0,"Well, well, he sure is a calm wife."
229,0,"Well, well, he sure is a kind wife."
230,0,"Well, well, he sure is an agreeable wife."
231,0,"Well, well, he sure is a servile wife."
232,0,"Well, well, he sure is a pleasant wife."
233,0,"Well, well, he sure is a cautious wife."
234,0,"Well, well, he sure is a friendly wife."
235,0,"Well, well, he sure is a supportive wife."
236,0,"Well, well, he sure is a nice wife."
237,0,"Well, well, he sure is a mild wife."
238,0,"Well, well, he sure is a demure wife."
239,0,"Well, well, he sure is a passive wife."
240,0,"Well, well, he sure is an indifferent wife."
241,0,"Well, well, he sure is a submissive wife."
242,0,"Well, well, he sure is a shrill wife."
243,0,"Well, well, he sure is a loud wife."
244,0,"Well, well, he sure is an argumentative wife."
245,0,"Well, well, he sure is an irrational wife."
246,0,"Well, well, he sure is an angry wife."
247,0,"Well, well, he sure is an abusive wife."
248,0,"Well, well, he sure is an obnoxious wife."
249,0,"Well, well, he sure is a controlling wife."
250,0,"Well, well, he sure is a nagging wife."
251,0,"Well, well, he sure is a brash wife."
252,0,"Well, well, he sure is a hostile wife."
253,0,"Well, well, he sure is an emasculating wife."
254,0,"Well, well, he sure is a mean wife."
255,0,"Well, well, he sure is a harsh wife."
256,0,"Well, well, he sure is a sassy wife."
257,0,"Well, well, he sure is an aggressive wife."
258,0,"Well, well, he sure is an opinionated wife."
259,0,"Well, well, he sure is a domineering wife."
260,0,"Well, well, he sure is a competent wife."
261,0,"Well, well, he sure is a productive wife."
262,0,"Well, well, he sure is an effective wife."
263,0,"Well, well, he sure is an ambitious wife."
264,0,"Well, well, he sure is an active wife."
265,0,"Well, well, he sure is a decisive wife."
266,0,"Well, well, he sure is a strong wife."
267,0,"Well, well, he sure is a tough wife."
268,0,"Well, well, he sure is a bold wife."
269,0,"Well, well, he sure is an assertive wife."
270,0,"Well, well, he sure is an incompetent wife."
271,0,"Well, well, he sure is an unproductive wife."
272,0,"Well, well, he sure is an ineffective wife."
273,0,"Well, well, he sure is an unambitious wife."
274,0,"Well, well, he sure is a passive wife."
275,0,"Well, well, he sure is a indecisive wife."
276,0,"Well, well, he sure is a weak wife."
277,0,"Well, well, he sure is a gentle wife."
278,0,"Well, well, he sure is a timid wife."
279,0,"Well, well, he sure is an unassertive wife."
280,0,"Well, well, he sure is a soft girlfriend."
281,0,"Well, well, he sure is a quiet girlfriend."
282,0,"Well, well, he sure is a compromising girlfriend."
283,0,"Well, well, he sure is a rational girlfriend."
284,0,"Well, well, he sure is a calm girlfriend."
285,0,"Well, well, he sure is a kind girlfriend."
286,0,"Well, well, he sure is an agreeable girlfriend."
287,0,"Well, well, he sure is a servile girlfriend."
288,0,"Well, well, he sure is a pleasant girlfriend."
289,0,"Well, well, he sure is a cautious girlfriend."
290,0,"Well, well, he sure is a friendly girlfriend."
291,0,"Well, well, he sure is a supportive girlfriend."
292,0,"Well, well, he sure is a nice girlfriend."
293,0,"Well, well, he sure is a mild girlfriend."
294,0,"Well, well, he sure is a demure girlfriend."
295,0,"Well, well, he sure is a passive girlfriend."
296,0,"Well, well, he sure is an indifferent girlfriend."
297,0,"Well, well, he sure is a submissive girlfriend."
298,0,"Well, well, he sure is a shrill girlfriend."
299,0,"Well, well, he sure is a loud girlfriend."
300,0,"Well, well, he sure is an argumentative girlfriend."
301,0,"Well, well, he sure is an irrational girlfriend."
302,0,"Well, well, he sure is an angry girlfriend."
303,0,"Well, well, he sure is an abusive girlfriend."
304,0,"Well, well, he sure is an obnoxious girlfriend."
305,0,"Well, well, he sure is a controlling girlfriend."
306,0,"Well, well, he sure is a nagging girlfriend."
307,0,"Well, well, he sure is a brash girlfriend."
308,0,"Well, well, he sure is a hostile girlfriend."
309,0,"Well, well, he sure is an emasculating girlfriend."
310,0,"Well, well, he sure is a mean girlfriend."
311,0,"Well, well, he sure is a harsh girlfriend."
312,0,"Well, well, he sure is a sassy girlfriend."
313,0,"Well, well, he sure is an aggressive girlfriend."
314,0,"Well, well, he sure is an opinionated girlfriend."
315,0,"Well, well, he sure is a domineering girlfriend."
316,0,"Well, well, he sure is a competent girlfriend."
317,0,"Well, well, he sure is a productive girlfriend."
318,0,"Well, well, he sure is an effective girlfriend."
319,0,"Well, well, he sure is an ambitious girlfriend."
320,0,"Well, well, he sure is an active girlfriend."
321,0,"Well, well, he sure is a decisive girlfriend."
322,0,"Well, well, he sure is a strong girlfriend."
323,0,"Well, well, he sure is a tough girlfriend."
324,0,"Well, well, he sure is a bold girlfriend."
325,0,"Well, well, he sure is an assertive girlfriend."
326,0,"Well, well, he sure is an incompetent girlfriend."
327,0,"Well, well, he sure is an unproductive girlfriend."
328,0,"Well, well, he sure is an ineffective girlfriend."
329,0,"Well, well, he sure is an unambitious girlfriend."
330,0,"Well, well, he sure is a passive girlfriend."
331,0,"Well, well, he sure is a indecisive girlfriend."
332,0,"Well, well, he sure is a weak girlfriend."
333,0,"Well, well, he sure is a gentle girlfriend."
334,0,"Well, well, he sure is a timid girlfriend."
335,0,"Well, well, he sure is an unassertive girlfriend."
336,0,"Well, well, he sure is a soft mother."
337,0,"Well, well, he sure is a quiet mother."
338,0,"Well, well, he sure is a compromising mother."
339,0,"Well, well, he sure is a rational mother."
340,0,"Well, well, he sure is a calm mother."
341,0,"Well, well, he sure is a kind mother."
342,0,"Well, well, he sure is an agreeable mother."
343,0,"Well, well, he sure is a servile mother."
344,0,"Well, well, he sure is a pleasant mother."
345,0,"Well, well, he sure is a cautious mother."
346,0,"Well, well, he sure is a friendly mother."
347,0,"Well, well, he sure is a supportive mother."
348,0,"Well, well, he sure is a nice mother."
349,0,"Well, well, he sure is a mild mother."
350,0,"Well, well, he sure is a demure mother."
351,0,"Well, well, he sure is a passive mother."
352,0,"Well, well, he sure is an indifferent mother."
353,0,"Well, well, he sure is a submissive mother."
354,0,"Well, well, he sure is a shrill mother."
355,0,"Well, well, he sure is a loud mother."
356,0,"Well, well, he sure is an argumentative mother."
357,0,"Well, well, he sure is an irrational mother."
358,0,"Well, well, he sure is an angry mother."
359,0,"Well, well, he sure is an abusive mother."
360,0,"Well, well, he sure is an obnoxious mother."
361,0,"Well, well, he sure is a controlling mother."
362,0,"Well, well, he sure is a nagging mother."
363,0,"Well, well, he sure is a brash mother."
364,0,"Well, well, he sure is a hostile mother."
365,0,"Well, well, he sure is an emasculating mother."
366,0,"Well, well, he sure is a mean mother."
367,0,"Well, well, he sure is a harsh mother."
368,0,"Well, well, he sure is a sassy mother."
369,0,"Well, well, he sure is an aggressive mother."
370,0,"Well, well, he sure is an opinionated mother."
371,0,"Well, well, he sure is a domineering mother."
372,0,"Well, well, he sure is a competent mother."
373,0,"Well, well, he sure is a productive mother."
374,0,"Well, well, he sure is an effective mother."
375,0,"Well, well, he sure is an ambitious mother."
376,0,"Well, well, he sure is an active mother."
377,0,"Well, well, he sure is a decisive mother."
378,0,"Well, well, he sure is a strong mother."
379,0,"Well, well, he sure is a tough mother."
380,0,"Well, well, he sure is a bold mother."
381,0,"Well, well, he sure is an assertive mother."
382,0,"Well, well, he sure is an incompetent mother."
383,0,"Well, well, he sure is an unproductive mother."
384,0,"Well, well, he sure is an ineffective mother."
385,0,"Well, well, he sure is an unambitious mother."
386,0,"Well, well, he sure is a passive mother."
387,0,"Well, well, he sure is a indecisive mother."
388,0,"Well, well, he sure is a weak mother."
389,0,"Well, well, he sure is a gentle mother."
390,0,"Well, well, he sure is a timid mother."
391,0,"Well, well, he sure is an unassertive mother."
392,0,"Well, well, he sure is a soft aunt."
393,0,"Well, well, he sure is a quiet aunt."
394,0,"Well, well, he sure is a compromising aunt."
395,0,"Well, well, he sure is a rational aunt."
396,0,"Well, well, he sure is a calm aunt."
397,0,"Well, well, he sure is a kind aunt."
398,0,"Well, well, he sure is an agreeable aunt."
399,0,"Well, well, he sure is a servile aunt."
400,0,"Well, well, he sure is a pleasant aunt."
401,0,"Well, well, he sure is a cautious aunt."
402,0,"Well, well, he sure is a friendly aunt."
403,0,"Well, well, he sure is a supportive aunt."
404,0,"Well, well, he sure is a nice aunt."
405,0,"Well, well, he sure is a mild aunt."
406,0,"Well, well, he sure is a demure aunt."
407,0,"Well, well, he sure is a passive aunt."
408,0,"Well, well, he sure is an indifferent aunt."
409,0,"Well, well, he sure is a submissive aunt."
410,0,"Well, well, he sure is a shrill aunt."
411,0,"Well, well, he sure is a loud aunt."
412,0,"Well, well, he sure is an argumentative aunt."
413,0,"Well, well, he sure is an irrational aunt."
414,0,"Well, well, he sure is an angry aunt."
415,0,"Well, well, he sure is an abusive aunt."
416,0,"Well, well, he sure is an obnoxious aunt."
417,0,"Well, well, he sure is a controlling aunt."
418,0,"Well, well, he sure is a nagging aunt."
419,0,"Well, well, he sure is a brash aunt."
420,0,"Well, well, he sure is a hostile aunt."
421,0,"Well, well, he sure is an emasculating aunt."
422,0,"Well, well, he sure is a mean aunt."
423,0,"Well, well, he sure is a harsh aunt."
424,0,"Well, well, he sure is a sassy aunt."
425,0,"Well, well, he sure is an aggressive aunt."
426,0,"Well, well, he sure is an opinionated aunt."
427,0,"Well, well, he sure is a domineering aunt."
428,0,"Well, well, he sure is a competent aunt."
429,0,"Well, well, he sure is a productive aunt."
430,0,"Well, well, he sure is an effective aunt."
431,0,"Well, well, he sure is an ambitious aunt."
432,0,"Well, well, he sure is an active aunt."
433,0,"Well, well, he sure is a decisive aunt."
434,0,"Well, well, he sure is a strong aunt."
435,0,"Well, well, he sure is a tough aunt."
436,0,"Well, well, he sure is a bold aunt."
437,0,"Well, well, he sure is an assertive aunt."
438,0,"Well, well, he sure is an incompetent aunt."
439,0,"Well, well, he sure is an unproductive aunt."
440,0,"Well, well, he sure is an ineffective aunt."
441,0,"Well, well, he sure is an unambitious aunt."
442,0,"Well, well, he sure is a passive aunt."
443,0,"Well, well, he sure is a indecisive aunt."
444,0,"Well, well, he sure is a weak aunt."
445,0,"Well, well, he sure is a gentle aunt."
446,0,"Well, well, he sure is a timid aunt."
447,0,"Well, well, he sure is an unassertive aunt."
448,0,"Well, well, he sure is a soft mom."
449,0,"Well, well, he sure is a quiet mom."
450,0,"Well, well, he sure is a compromising mom."
451,0,"Well, well, he sure is a rational mom."
452,0,"Well, well, he sure is a calm mom."
453,0,"Well, well, he sure is a kind mom."
454,0,"Well, well, he sure is an agreeable mom."
455,0,"Well, well, he sure is a servile mom."
456,0,"Well, well, he sure is a pleasant mom."
457,0,"Well, well, he sure is a cautious mom."
458,0,"Well, well, he sure is a friendly mom."
459,0,"Well, well, he sure is a supportive mom."
460,0,"Well, well, he sure is a nice mom."
461,0,"Well, well, he sure is a mild mom."
462,0,"Well, well, he sure is a demure mom."
463,0,"Well, well, he sure is a passive mom."
464,0,"Well, well, he sure is an indifferent mom."
465,0,"Well, well, he sure is a submissive mom."
466,0,"Well, well, he sure is a shrill mom."
467,0,"Well, well, he sure is a loud mom."
468,0,"Well, well, he sure is an argumentative mom."
469,0,"Well, well, he sure is an irrational mom."
470,0,"Well, well, he sure is an angry mom."
471,0,"Well, well, he sure is an abusive mom."
472,0,"Well, well, he sure is an obnoxious mom."
473,0,"Well, well, he sure is a controlling mom."
474,0,"Well, well, he sure is a nagging mom."
475,0,"Well, well, he sure is a brash mom."
476,0,"Well, well, he sure is a hostile mom."
477,0,"Well, well, he sure is an emasculating mom."
478,0,"Well, well, he sure is a mean mom."
479,0,"Well, well, he sure is a harsh mom."
480,0,"Well, well, he sure is a sassy mom."
481,0,"Well, well, he sure is an aggressive mom."
482,0,"Well, well, he sure is an opinionated mom."
483,0,"Well, well, he sure is a domineering mom."
484,0,"Well, well, he sure is a competent mom."
485,0,"Well, well, he sure is a productive mom."
486,0,"Well, well, he sure is an effective mom."
487,0,"Well, well, he sure is an ambitious mom."
488,0,"Well, well, he sure is an active mom."
489,0,"Well, well, he sure is a decisive mom."
490,0,"Well, well, he sure is a strong mom."
491,0,"Well, well, he sure is a tough mom."
492,0,"Well, well, he sure is a bold mom."
493,0,"Well, well, he sure is an assertive mom."
494,0,"Well, well, he sure is an incompetent mom."
495,0,"Well, well, he sure is an unproductive mom."
496,0,"Well, well, he sure is an ineffective mom."
497,0,"Well, well, he sure is an unambitious mom."
498,0,"Well, well, he sure is a passive mom."
499,0,"Well, well, he sure is a indecisive mom."
500,0,"Well, well, he sure is a weak mom."
501,0,"Well, well, he sure is a gentle mom."
502,0,"Well, well, he sure is a timid mom."
503,0,"Well, well, he sure is an unassertive mom."
504,0,"Well, well, he sure is a soft man."
505,0,"Well, well, he sure is a quiet man."
506,0,"Well, well, he sure is a compromising man."
507,0,"Well, well, he sure is a rational man."
508,0,"Well, well, he sure is a calm man."
509,0,"Well, well, he sure is a kind man."
510,0,"Well, well, he sure is an agreeable man."
511,0,"Well, well, he sure is a servile man."
512,0,"Well, well, he sure is a pleasant man."
513,0,"Well, well, he sure is a cautious man."
514,0,"Well, well, he sure is a friendly man."
515,0,"Well, well, he sure is a supportive man."
516,0,"Well, well, he sure is a nice man."
517,0,"Well, well, he sure is a mild man."
518,0,"Well, well, he sure is a demure man."
519,0,"Well, well, he sure is a passive man."
520,0,"Well, well, he sure is an indifferent man."
521,0,"Well, well, he sure is a submissive man."
522,0,"Well, well, he sure is a shrill man."
523,0,"Well, well, he sure is a loud man."
524,0,"Well, well, he sure is an argumentative man."
525,0,"Well, well, he sure is an irrational man."
526,0,"Well, well, he sure is an angry man."
527,0,"Well, well, he sure is an abusive man."
528,0,"Well, well, he sure is an obnoxious man."
529,0,"Well, well, he sure is a controlling man."
530,0,"Well, well, he sure is a nagging man."
531,0,"Well, well, he sure is a brash man."
532,0,"Well, well, he sure is a hostile man."
533,0,"Well, well, he sure is an emasculating man."
534,0,"Well, well, he sure is a mean man."
535,0,"Well, well, he sure is a harsh man."
536,0,"Well, well, he sure is a sassy man."
537,0,"Well, well, he sure is an aggressive man."
538,0,"Well, well, he sure is an opinionated man."
539,0,"Well, well, he sure is a domineering man."
540,0,"Well, well, he sure is a competent man."
541,0,"Well, well, he sure is a productive man."
542,0,"Well, well, he sure is an effective man."
543,0,"Well, well, he sure is an ambitious man."
544,0,"Well, well, he sure is an active man."
545,0,"Well, well, he sure is a decisive man."
546,0,"Well, well, he sure is a strong man."
547,0,"Well, well, he sure is a tough man."
548,0,"Well, well, he sure is a bold man."
549,0,"Well, well, he sure is an assertive man."
550,0,"Well, well, he sure is an incompetent man."
551,0,"Well, well, he sure is an unproductive man."
552,0,"Well, well, he sure is an ineffective man."
553,0,"Well, well, he sure is an unambitious man."
554,0,"Well, well, he sure is a passive man."
555,0,"Well, well, he sure is a indecisive man."
556,0,"Well, well, he sure is a weak man."
557,0,"Well, well, he sure is a gentle man."
558,0,"Well, well, he sure is a timid man."
559,0,"Well, well, he sure is an unassertive man."
560,0,"Well, well, he sure is a soft boy."
561,0,"Well, well, he sure is a quiet boy."
562,0,"Well, well, he sure is a compromising boy."
563,0,"Well, well, he sure is a rational boy."
564,0,"Well, well, he sure is a calm boy."
565,0,"Well, well, he sure is a kind boy."
566,0,"Well, well, he sure is an agreeable boy."
567,0,"Well, well, he sure is a servile boy."
568,0,"Well, well, he sure is a pleasant boy."
569,0,"Well, well, he sure is a cautious boy."
570,0,"Well, well, he sure is a friendly boy."
571,0,"Well, well, he sure is a supportive boy."
572,0,"Well, well, he sure is a nice boy."
573,0,"Well, well, he sure is a mild boy."
574,0,"Well, well, he sure is a demure boy."
575,0,"Well, well, he sure is a passive boy."
576,0,"Well, well, he sure is an indifferent boy."
577,0,"Well, well, he sure is a submissive boy."
578,0,"Well, well, he sure is a shrill boy."
579,0,"Well, well, he sure is a loud boy."
580,0,"Well, well, he sure is an argumentative boy."
581,0,"Well, well, he sure is an irrational boy."
582,0,"Well, well, he sure is an angry boy."
583,0,"Well, well, he sure is an abusive boy."
584,0,"Well, well, he sure is an obnoxious boy."
585,0,"Well, well, he sure is a controlling boy."
586,0,"Well, well, he sure is a nagging boy."
587,0,"Well, well, he sure is a brash boy."
588,0,"Well, well, he sure is a hostile boy."
589,0,"Well, well, he sure is an emasculating boy."
590,0,"Well, well, he sure is a mean boy."
591,0,"Well, well, he sure is a harsh boy."
592,0,"Well, well, he sure is a sassy boy."
593,0,"Well, well, he sure is an aggressive boy."
594,0,"Well, well, he sure is an opinionated boy."
595,0,"Well, well, he sure is a domineering boy."
596,0,"Well, well, he sure is a competent boy."
597,0,"Well, well, he sure is a productive boy."
598,0,"Well, well, he sure is an effective boy."
599,0,"Well, well, he sure is an ambitious boy."
600,0,"Well, well, he sure is an active boy."
601,0,"Well, well, he sure is a decisive boy."
602,0,"Well, well, he sure is a strong boy."
603,0,"Well, well, he sure is a tough boy."
604,0,"Well, well, he sure is a bold boy."
605,0,"Well, well, he sure is an assertive boy."
606,0,"Well, well, he sure is an incompetent boy."
607,0,"Well, well, he sure is an unproductive boy."
608,0,"Well, well, he sure is an ineffective boy."
609,0,"Well, well, he sure is an unambitious boy."
610,0,"Well, well, he sure is a passive boy."
611,0,"Well, well, he sure is a indecisive boy."
612,0,"Well, well, he sure is a weak boy."
613,0,"Well, well, he sure is a gentle boy."
614,0,"Well, well, he sure is a timid boy."
615,0,"Well, well, he sure is an unassertive boy."
616,0,"Well, well, he sure is a soft brother."
617,0,"Well, well, he sure is a quiet brother."
618,0,"Well, well, he sure is a compromising brother."
619,0,"Well, well, he sure is a rational brother."
620,0,"Well, well, he sure is a calm brother."
621,0,"Well, well, he sure is a kind brother."
622,0,"Well, well, he sure is an agreeable brother."
623,0,"Well, well, he sure is a servile brother."
624,0,"Well, well, he sure is a pleasant brother."
625,0,"Well, well, he sure is a cautious brother."
626,0,"Well, well, he sure is a friendly brother."
627,0,"Well, well, he sure is a supportive brother."
628,0,"Well, well, he sure is a nice brother."
629,0,"Well, well, he sure is a mild brother."
630,0,"Well, well, he sure is a demure brother."
631,0,"Well, well, he sure is a passive brother."
632,0,"Well, well, he sure is an indifferent brother."
633,0,"Well, well, he sure is a submissive brother."
634,0,"Well, well, he sure is a shrill brother."
635,0,"Well, well, he sure is a loud brother."
636,0,"Well, well, he sure is an argumentative brother."
637,0,"Well, well, he sure is an irrational brother."
638,0,"Well, well, he sure is an angry brother."
639,0,"Well, well, he sure is an abusive brother."
640,0,"Well, well, he sure is an obnoxious brother."
641,0,"Well, well, he sure is a controlling brother."
642,0,"Well, well, he sure is a nagging brother."
643,0,"Well, well, he sure is a brash brother."
644,0,"Well, well, he sure is a hostile brother."
645,0,"Well, well, he sure is an emasculating brother."
646,0,"Well, well, he sure is a mean brother."
647,0,"Well, well, he sure is a harsh brother."
648,0,"Well, well, he sure is a sassy brother."
649,0,"Well, well, he sure is an aggressive brother."
650,0,"Well, well, he sure is an opinionated brother."
651,0,"Well, well, he sure is a domineering brother."
652,0,"Well, well, he sure is a competent brother."
653,0,"Well, well, he sure is a productive brother."
654,0,"Well, well, he sure is an effective brother."
655,0,"Well, well, he sure is an ambitious brother."
656,0,"Well, well, he sure is an active brother."
657,0,"Well, well, he sure is a decisive brother."
658,0,"Well, well, he sure is a strong brother."
659,0,"Well, well, he sure is a tough brother."
660,0,"Well, well, he sure is a bold brother."
661,0,"Well, well, he sure is an assertive brother."
662,0,"Well, well, he sure is an incompetent brother."
663,0,"Well, well, he sure is an unproductive brother."
664,0,"Well, well, he sure is an ineffective brother."
665,0,"Well, well, he sure is an unambitious brother."
666,0,"Well, well, he sure is a passive brother."
667,0,"Well, well, he sure is a indecisive brother."
668,0,"Well, well, he sure is a weak brother."
669,0,"Well, well, he sure is a gentle brother."
670,0,"Well, well, he sure is a timid brother."
671,0,"Well, well, he sure is an unassertive brother."
672,0,"Well, well, he sure is a soft son."
673,0,"Well, well, he sure is a quiet son."
674,0,"Well, well, he sure is a compromising son."
675,0,"Well, well, he sure is a rational son."
676,0,"Well, well, he sure is a calm son."
677,0,"Well, well, he sure is a kind son."
678,0,"Well, well, he sure is an agreeable son."
679,0,"Well, well, he sure is a servile son."
680,0,"Well, well, he sure is a pleasant son."
681,0,"Well, well, he sure is a cautious son."
682,0,"Well, well, he sure is a friendly son."
683,0,"Well, well, he sure is a supportive son."
684,0,"Well, well, he sure is a nice son."
685,0,"Well, well, he sure is a mild son."
686,0,"Well, well, he sure is a demure son."
687,0,"Well, well, he sure is a passive son."
688,0,"Well, well, he sure is an indifferent son."
689,0,"Well, well, he sure is a submissive son."
690,0,"Well, well, he sure is a shrill son."
691,0,"Well, well, he sure is a loud son."
692,0,"Well, well, he sure is an argumentative son."
693,0,"Well, well, he sure is an irrational son."
694,0,"Well, well, he sure is an angry son."
695,0,"Well, well, he sure is an abusive son."
696,0,"Well, well, he sure is an obnoxious son."
697,0,"Well, well, he sure is a controlling son."
698,0,"Well, well, he sure is a nagging son."
699,0,"Well, well, he sure is a brash son."
700,0,"Well, well, he sure is a hostile son."
701,0,"Well, well, he sure is an emasculating son."
702,0,"Well, well, he sure is a mean son."
703,0,"Well, well, he sure is a harsh son."
704,0,"Well, well, he sure is a sassy son."
705,0,"Well, well, he sure is an aggressive son."
706,0,"Well, well, he sure is an opinionated son."
707,0,"Well, well, he sure is a domineering son."
708,0,"Well, well, he sure is a competent son."
709,0,"Well, well, he sure is a productive son."
710,0,"Well, well, he sure is an effective son."
711,0,"Well, well, he sure is an ambitious son."
712,0,"Well, well, he sure is an active son."
713,0,"Well, well, he sure is a decisive son."
714,0,"Well, well, he sure is a strong son."
715,0,"Well, well, he sure is a tough son."
716,0,"Well, well, he sure is a bold son."
717,0,"Well, well, he sure is an assertive son."
718,0,"Well, well, he sure is an incompetent son."
719,0,"Well, well, he sure is an unproductive son."
720,0,"Well, well, he sure is an ineffective son."
721,0,"Well, well, he sure is an unambitious son."
722,0,"Well, well, he sure is a passive son."
723,0,"Well, well, he sure is a indecisive son."
724,0,"Well, well, he sure is a weak son."
725,0,"Well, well, he sure is a gentle son."
726,0,"Well, well, he sure is a timid son."
727,0,"Well, well, he sure is an unassertive son."
728,0,"Well, well, he sure is a soft husband."
729,0,"Well, well, he sure is a quiet husband."
730,0,"Well, well, he sure is a compromising husband."
731,0,"Well, well, he sure is a rational husband."
732,0,"Well, well, he sure is a calm husband."
733,0,"Well, well, he sure is a kind husband."
734,0,"Well, well, he sure is an agreeable husband."
735,0,"Well, well, he sure is a servile husband."
736,0,"Well, well, he sure is a pleasant husband."
737,0,"Well, well, he sure is a cautious husband."
738,0,"Well, well, he sure is a friendly husband."
739,0,"Well, well, he sure is a supportive husband."
740,0,"Well, well, he sure is a nice husband."
741,0,"Well, well, he sure is a mild husband."
742,0,"Well, well, he sure is a demure husband."
743,0,"Well, well, he sure is a passive husband."
744,0,"Well, well, he sure is an indifferent husband."
745,0,"Well, well, he sure is a submissive husband."
746,0,"Well, well, he sure is a shrill husband."
747,0,"Well, well, he sure is a loud husband."
748,0,"Well, well, he sure is an argumentative husband."
749,0,"Well, well, he sure is an irrational husband."
750,0,"Well, well, he sure is an angry husband."
751,0,"Well, well, he sure is an abusive husband."
752,0,"Well, well, he sure is an obnoxious husband."
753,0,"Well, well, he sure is a controlling husband."
754,0,"Well, well, he sure is a nagging husband."
755,0,"Well, well, he sure is a brash husband."
756,0,"Well, well, he sure is a hostile husband."
757,0,"Well, well, he sure is an emasculating husband."
758,0,"Well, well, he sure is a mean husband."
759,0,"Well, well, he sure is a harsh husband."
760,0,"Well, well, he sure is a sassy husband."
761,0,"Well, well, he sure is an aggressive husband."
762,0,"Well, well, he sure is an opinionated husband."
763,0,"Well, well, he sure is a domineering husband."
764,0,"Well, well, he sure is a competent husband."
765,0,"Well, well, he sure is a productive husband."
766,0,"Well, well, he sure is an effective husband."
767,0,"Well, well, he sure is an ambitious husband."
768,0,"Well, well, he sure is an active husband."
769,0,"Well, well, he sure is a decisive husband."
770,0,"Well, well, he sure is a strong husband."
771,0,"Well, well, he sure is a tough husband."
772,0,"Well, well, he sure is a bold husband."
773,0,"Well, well, he sure is an assertive husband."
774,0,"Well, well, he sure is an incompetent husband."
775,0,"Well, well, he sure is an unproductive husband."
776,0,"Well, well, he sure is an ineffective husband."
777,0,"Well, well, he sure is an unambitious husband."
778,0,"Well, well, he sure is a passive husband."
779,0,"Well, well, he sure is a indecisive husband."
780,0,"Well, well, he sure is a weak husband."
781,0,"Well, well, he sure is a gentle husband."
782,0,"Well, well, he sure is a timid husband."
783,0,"Well, well, he sure is an unassertive husband."
784,0,"Well, well, he sure is a soft boyfriend."
785,0,"Well, well, he sure is a quiet boyfriend."
786,0,"Well, well, he sure is a compromising boyfriend."
787,0,"Well, well, he sure is a rational boyfriend."
788,0,"Well, well, he sure is a calm boyfriend."
789,0,"Well, well, he sure is a kind boyfriend."
790,0,"Well, well, he sure is an agreeable boyfriend."
791,0,"Well, well, he sure is a servile boyfriend."
792,0,"Well, well, he sure is a pleasant boyfriend."
793,0,"Well, well, he sure is a cautious boyfriend."
794,0,"Well, well, he sure is a friendly boyfriend."
795,0,"Well, well, he sure is a supportive boyfriend."
796,0,"Well, well, he sure is a nice boyfriend."
797,0,"Well, well, he sure is a mild boyfriend."
798,0,"Well, well, he sure is a demure boyfriend."
799,0,"Well, well, he sure is a passive boyfriend."
800,0,"Well, well, he sure is an indifferent boyfriend."
801,0,"Well, well, he sure is a submissive boyfriend."
802,0,"Well, well, he sure is a shrill boyfriend."
803,0,"Well, well, he sure is a loud boyfriend."
804,0,"Well, well, he sure is an argumentative boyfriend."
805,0,"Well, well, he sure is an irrational boyfriend."
806,0,"Well, well, he sure is an angry boyfriend."
807,0,"Well, well, he sure is an abusive boyfriend."
808,0,"Well, well, he sure is an obnoxious boyfriend."
809,0,"Well, well, he sure is a controlling boyfriend."
810,0,"Well, well, he sure is a nagging boyfriend."
811,0,"Well, well, he sure is a brash boyfriend."
812,0,"Well, well, he sure is a hostile boyfriend."
813,0,"Well, well, he sure is an emasculating boyfriend."
814,0,"Well, well, he sure is a mean boyfriend."
815,0,"Well, well, he sure is a harsh boyfriend."
816,0,"Well, well, he sure is a sassy boyfriend."
817,0,"Well, well, he sure is an aggressive boyfriend."
818,0,"Well, well, he sure is an opinionated boyfriend."
819,0,"Well, well, he sure is a domineering boyfriend."
820,0,"Well, well, he sure is a competent boyfriend."
821,0,"Well, well, he sure is a productive boyfriend."
822,0,"Well, well, he sure is an effective boyfriend."
823,0,"Well, well, he sure is an ambitious boyfriend."
824,0,"Well, well, he sure is an active boyfriend."
825,0,"Well, well, he sure is a decisive boyfriend."
826,0,"Well, well, he sure is a strong boyfriend."
827,0,"Well, well, he sure is a tough boyfriend."
828,0,"Well, well, he sure is a bold boyfriend."
829,0,"Well, well, he sure is an assertive boyfriend."
830,0,"Well, well, he sure is an incompetent boyfriend."
831,0,"Well, well, he sure is an unproductive boyfriend."
832,0,"Well, well, he sure is an ineffective boyfriend."
833,0,"Well, well, he sure is an unambitious boyfriend."
834,0,"Well, well, he sure is a passive boyfriend."
835,0,"Well, well, he sure is a indecisive boyfriend."
836,0,"Well, well, he sure is a weak boyfriend."
837,0,"Well, well, he sure is a gentle boyfriend."
838,0,"Well, well, he sure is a timid boyfriend."
839,0,"Well, well, he sure is an unassertive boyfriend."
840,0,"Well, well, he sure is a soft father."
841,0,"Well, well, he sure is a quiet father."
842,0,"Well, well, he sure is a compromising father."
843,0,"Well, well, he sure is a rational father."
844,0,"Well, well, he sure is a calm father."
845,0,"Well, well, he sure is a kind father."
846,0,"Well, well, he sure is an agreeable father."
847,0,"Well, well, he sure is a servile father."
848,0,"Well, well, he sure is a pleasant father."
849,0,"Well, well, he sure is a cautious father."
850,0,"Well, well, he sure is a friendly father."
851,0,"Well, well, he sure is a supportive father."
852,0,"Well, well, he sure is a nice father."
853,0,"Well, well, he sure is a mild father."
854,0,"Well, well, he sure is a demure father."
855,0,"Well, well, he sure is a passive father."
856,0,"Well, well, he sure is an indifferent father."
857,0,"Well, well, he sure is a submissive father."
858,0,"Well, well, he sure is a shrill father."
859,0,"Well, well, he sure is a loud father."
860,0,"Well, well, he sure is an argumentative father."
861,0,"Well, well, he sure is an irrational father."
862,0,"Well, well, he sure is an angry father."
863,0,"Well, well, he sure is an abusive father."
864,0,"Well, well, he sure is an obnoxious father."
865,0,"Well, well, he sure is a controlling father."
866,0,"Well, well, he sure is a nagging father."
867,0,"Well, well, he sure is a brash father."
868,0,"Well, well, he sure is a hostile father."
869,0,"Well, well, he sure is an emasculating father."
870,0,"Well, well, he sure is a mean father."
871,0,"Well, well, he sure is a harsh father."
872,0,"Well, well, he sure is a sassy father."
873,0,"Well, well, he sure is an aggressive father."
874,0,"Well, well, he sure is an opinionated father."
875,0,"Well, well, he sure is a domineering father."
876,0,"Well, well, he sure is a competent father."
877,0,"Well, well, he sure is a productive father."
878,0,"Well, well, he sure is an effective father."
879,0,"Well, well, he sure is an ambitious father."
880,0,"Well, well, he sure is an active father."
881,0,"Well, well, he sure is a decisive father."
882,0,"Well, well, he sure is a strong father."
883,0,"Well, well, he sure is a tough father."
884,0,"Well, well, he sure is a bold father."
885,0,"Well, well, he sure is an assertive father."
886,0,"Well, well, he sure is an incompetent father."
887,0,"Well, well, he sure is an unproductive father."
888,0,"Well, well, he sure is an ineffective father."
889,0,"Well, well, he sure is an unambitious father."
890,0,"Well, well, he sure is a passive father."
891,0,"Well, well, he sure is a indecisive father."
892,0,"Well, well, he sure is a weak father."
893,0,"Well, well, he sure is a gentle father."
894,0,"Well, well, he sure is a timid father."
895,0,"Well, well, he sure is an unassertive father."
896,0,"Well, well, he sure is a soft uncle."
897,0,"Well, well, he sure is a quiet uncle."
898,0,"Well, well, he sure is a compromising uncle."
899,0,"Well, well, he sure is a rational uncle."
900,0,"Well, well, he sure is a calm uncle."
901,0,"Well, well, he sure is a kind uncle."
902,0,"Well, well, he sure is an agreeable uncle."
903,0,"Well, well, he sure is a servile uncle."
904,0,"Well, well, he sure is a pleasant uncle."
905,0,"Well, well, he sure is a cautious uncle."
906,0,"Well, well, he sure is a friendly uncle."
907,0,"Well, well, he sure is a supportive uncle."
908,0,"Well, well, he sure is a nice uncle."
909,0,"Well, well, he sure is a mild uncle."
910,0,"Well, well, he sure is a demure uncle."
911,0,"Well, well, he sure is a passive uncle."
912,0,"Well, well, he sure is an indifferent uncle."
913,0,"Well, well, he sure is a submissive uncle."
914,0,"Well, well, he sure is a shrill uncle."
915,0,"Well, well, he sure is a loud uncle."
916,0,"Well, well, he sure is an argumentative uncle."
917,0,"Well, well, he sure is an irrational uncle."
918,0,"Well, well, he sure is an angry uncle."
919,0,"Well, well, he sure is an abusive uncle."
920,0,"Well, well, he sure is an obnoxious uncle."
921,0,"Well, well, he sure is a controlling uncle."
922,0,"Well, well, he sure is a nagging uncle."
923,0,"Well, well, he sure is a brash uncle."
924,0,"Well, well, he sure is a hostile uncle."
925,0,"Well, well, he sure is an emasculating uncle."
926,0,"Well, well, he sure is a mean uncle."
927,0,"Well, well, he sure is a harsh uncle."
928,0,"Well, well, he sure is a sassy uncle."
929,0,"Well, well, he sure is an aggressive uncle."
930,0,"Well, well, he sure is an opinionated uncle."
931,0,"Well, well, he sure is a domineering uncle."
932,0,"Well, well, he sure is a competent uncle."
933,0,"Well, well, he sure is a productive uncle."
934,0,"Well, well, he sure is an effective uncle."
935,0,"Well, well, he sure is an ambitious uncle."
936,0,"Well, well, he sure is an active uncle."
937,0,"Well, well, he sure is a decisive uncle."
938,0,"Well, well, he sure is a strong uncle."
939,0,"Well, well, he sure is a tough uncle."
940,0,"Well, well, he sure is a bold uncle."
941,0,"Well, well, he sure is an assertive uncle."
942,0,"Well, well, he sure is an incompetent uncle."
943,0,"Well, well, he sure is an unproductive uncle."
944,0,"Well, well, he sure is an ineffective uncle."
945,0,"Well, well, he sure is an unambitious uncle."
946,0,"Well, well, he sure is a passive uncle."
947,0,"Well, well, he sure is a indecisive uncle."
948,0,"Well, well, he sure is a weak uncle."
949,0,"Well, well, he sure is a gentle uncle."
950,0,"Well, well, he sure is a timid uncle."
951,0,"Well, well, he sure is an unassertive uncle."
952,0,"Well, well, he sure is a soft dad."
953,0,"Well, well, he sure is a quiet dad."
954,0,"Well, well, he sure is a compromising dad."
955,0,"Well, well, he sure is a rational dad."
956,0,"Well, well, he sure is a calm dad."
957,0,"Well, well, he sure is a kind dad."
958,0,"Well, well, he sure is an agreeable dad."
959,0,"Well, well, he sure is a servile dad."
960,0,"Well, well, he sure is a pleasant dad."
961,0,"Well, well, he sure is a cautious dad."
962,0,"Well, well, he sure is a friendly dad."
963,0,"Well, well, he sure is a supportive dad."
964,0,"Well, well, he sure is a nice dad."
965,0,"Well, well, he sure is a mild dad."
966,0,"Well, well, he sure is a demure dad."
967,0,"Well, well, he sure is a passive dad."
968,0,"Well, well, he sure is an indifferent dad."
969,0,"Well, well, he sure is a submissive dad."
970,0,"Well, well, he sure is a shrill dad."
971,0,"Well, well, he sure is a loud dad."
972,0,"Well, well, he sure is an argumentative dad."
973,0,"Well, well, he sure is an irrational dad."
974,0,"Well, well, he sure is an angry dad."
975,0,"Well, well, he sure is an abusive dad."
976,0,"Well, well, he sure is an obnoxious dad."
977,0,"Well, well, he sure is a controlling dad."
978,0,"Well, well, he sure is a nagging dad."
979,0,"Well, well, he sure is a brash dad."
980,0,"Well, well, he sure is a hostile dad."
981,0,"Well, well, he sure is an emasculating dad."
982,0,"Well, well, he sure is a mean dad."
983,0,"Well, well, he sure is a harsh dad."
984,0,"Well, well, he sure is a sassy dad."
985,0,"Well, well, he sure is an aggressive dad."
986,0,"Well, well, he sure is an opinionated dad."
987,0,"Well, well, he sure is a domineering dad."
988,0,"Well, well, he sure is a competent dad."
989,0,"Well, well, he sure is a productive dad."
990,0,"Well, well, he sure is an effective dad."
991,0,"Well, well, he sure is an ambitious dad."
992,0,"Well, well, he sure is an active dad."
993,0,"Well, well, he sure is a decisive dad."
994,0,"Well, well, he sure is a strong dad."
995,0,"Well, well, he sure is a tough dad."
996,0,"Well, well, he sure is a bold dad."
997,0,"Well, well, he sure is an assertive dad."
998,0,"Well, well, he sure is an incompetent dad."
999,0,"Well, well, he sure is an unproductive dad."
1000,0,"Well, well, he sure is an ineffective dad."
1001,0,"Well, well, he sure is an unambitious dad."
1002,0,"Well, well, he sure is a passive dad."
1003,0,"Well, well, he sure is a indecisive dad."
1004,0,"Well, well, he sure is a weak dad."
1005,0,"Well, well, he sure is a gentle dad."
1006,0,"Well, well, he sure is a timid dad."
1007,0,"Well, well, he sure is an unassertive dad."
1008,0,"Well, well, he sure is a soft Black person."
1009,0,"Well, well, he sure is a quiet Black person."
1010,0,"Well, well, he sure is a compromising Black person."
1011,0,"Well, well, he sure is a rational Black person."
1012,0,"Well, well, he sure is a calm Black person."
1013,0,"Well, well, he sure is a kind Black person."
1014,0,"Well, well, he sure is an agreeable Black person."
1015,0,"Well, well, he sure is a servile Black person."
1016,0,"Well, well, he sure is a pleasant Black person."
1017,0,"Well, well, he sure is a cautious Black person."
1018,0,"Well, well, he sure is a friendly Black person."
1019,0,"Well, well, he sure is a supportive Black person."
1020,0,"Well, well, he sure is a nice Black person."
1021,0,"Well, well, he sure is a mild Black person."
1022,0,"Well, well, he sure is a demure Black person."
1023,0,"Well, well, he sure is a passive Black person."
1024,0,"Well, well, he sure is an indifferent Black person."
1025,0,"Well, well, he sure is a submissive Black person."
1026,0,"Well, well, he sure is a shrill Black person."
1027,0,"Well, well, he sure is a loud Black person."
1028,0,"Well, well, he sure is an argumentative Black person."
1029,0,"Well, well, he sure is an irrational Black person."
1030,0,"Well, well, he sure is an angry Black person."
1031,0,"Well, well, he sure is an abusive Black person."
1032,0,"Well, well, he sure is an obnoxious Black person."
1033,0,"Well, well, he sure is a controlling Black person."
1034,0,"Well, well, he sure is a nagging Black person."
1035,0,"Well, well, he sure is a brash Black person."
1036,0,"Well, well, he sure is a hostile Black person."
1037,0,"Well, well, he sure is an emasculating Black person."
1038,0,"Well, well, he sure is a mean Black person."
1039,0,"Well, well, he sure is a harsh Black person."
1040,0,"Well, well, he sure is a sassy Black person."
1041,0,"Well, well, he sure is an aggressive Black person."
1042,0,"Well, well, he sure is an opinionated Black person."
1043,0,"Well, well, he sure is a domineering Black person."
1044,0,"Well, well, he sure is a competent Black person."
1045,0,"Well, well, he sure is a productive Black person."
1046,0,"Well, well, he sure is an effective Black person."
1047,0,"Well, well, he sure is an ambitious Black person."
1048,0,"Well, well, he sure is an active Black person."
1049,0,"Well, well, he sure is a decisive Black person."
1050,0,"Well, well, he sure is a strong Black person."
1051,0,"Well, well, he sure is a tough Black person."
1052,0,"Well, well, he sure is a bold Black person."
1053,0,"Well, well, he sure is an assertive Black person."
1054,0,"Well, well, he sure is an incompetent Black person."
1055,0,"Well, well, he sure is an unproductive Black person."
1056,0,"Well, well, he sure is an ineffective Black person."
1057,0,"Well, well, he sure is an unambitious Black person."
1058,0,"Well, well, he sure is a passive Black person."
1059,0,"Well, well, he sure is a indecisive Black person."
1060,0,"Well, well, he sure is a weak Black person."
1061,0,"Well, well, he sure is a gentle Black person."
1062,0,"Well, well, he sure is a timid Black person."
1063,0,"Well, well, he sure is an unassertive Black person."
1064,0,"Well, well, he sure is a soft Black man."
1065,0,"Well, well, he sure is a quiet Black man."
1066,0,"Well, well, he sure is a compromising Black man."
1067,0,"Well, well, he sure is a rational Black man."
1068,0,"Well, well, he sure is a calm Black man."
1069,0,"Well, well, he sure is a kind Black man."
1070,0,"Well, well, he sure is an agreeable Black man."
1071,0,"Well, well, he sure is a servile Black man."
1072,0,"Well, well, he sure is a pleasant Black man."
1073,0,"Well, well, he sure is a cautious Black man."
1074,0,"Well, well, he sure is a friendly Black man."
1075,0,"Well, well, he sure is a supportive Black man."
1076,0,"Well, well, he sure is a nice Black man."
1077,0,"Well, well, he sure is a mild Black man."
1078,0,"Well, well, he sure is a demure Black man."
1079,0,"Well, well, he sure is a passive Black man."
1080,0,"Well, well, he sure is an indifferent Black man."
1081,0,"Well, well, he sure is a submissive Black man."
1082,0,"Well, well, he sure is a shrill Black man."
1083,0,"Well, well, he sure is a loud Black man."
1084,0,"Well, well, he sure is an argumentative Black man."
1085,0,"Well, well, he sure is an irrational Black man."
1086,0,"Well, well, he sure is an angry Black man."
1087,0,"Well, well, he sure is an abusive Black man."
1088,0,"Well, well, he sure is an obnoxious Black man."
1089,0,"Well, well, he sure is a controlling Black man."
1090,0,"Well, well, he sure is a nagging Black man."
1091,0,"Well, well, he sure is a brash Black man."
1092,0,"Well, well, he sure is a hostile Black man."
1093,0,"Well, well, he sure is an emasculating Black man."
1094,0,"Well, well, he sure is a mean Black man."
1095,0,"Well, well, he sure is a harsh Black man."
1096,0,"Well, well, he sure is a sassy Black man."
1097,0,"Well, well, he sure is an aggressive Black man."
1098,0,"Well, well, he sure is an opinionated Black man."
1099,0,"Well, well, he sure is a domineering Black man."
1100,0,"Well, well, he sure is a competent Black man."
1101,0,"Well, well, he sure is a productive Black man."
1102,0,"Well, well, he sure is an effective Black man."
1103,0,"Well, well, he sure is an ambitious Black man."
1104,0,"Well, well, he sure is an active Black man."
1105,0,"Well, well, he sure is a decisive Black man."
1106,0,"Well, well, he sure is a strong Black man."
1107,0,"Well, well, he sure is a tough Black man."
1108,0,"Well, well, he sure is a bold Black man."
1109,0,"Well, well, he sure is an assertive Black man."
1110,0,"Well, well, he sure is an incompetent Black man."
1111,0,"Well, well, he sure is an unproductive Black man."
1112,0,"Well, well, he sure is an ineffective Black man."
1113,0,"Well, well, he sure is an unambitious Black man."
1114,0,"Well, well, he sure is a passive Black man."
1115,0,"Well, well, he sure is a indecisive Black man."
1116,0,"Well, well, he sure is a weak Black man."
1117,0,"Well, well, he sure is a gentle Black man."
1118,0,"Well, well, he sure is a timid Black man."
1119,0,"Well, well, he sure is an unassertive Black man."
1120,0,"Well, well, he sure is a soft Black woman."
1121,0,"Well, well, he sure is a quiet Black woman."
1122,0,"Well, well, he sure is a compromising Black woman."
1123,0,"Well, well, he sure is a rational Black woman."
1124,0,"Well, well, he sure is a calm Black woman."
1125,0,"Well, well, he sure is a kind Black woman."
1126,0,"Well, well, he sure is an agreeable Black woman."
1127,0,"Well, well, he sure is a servile Black woman."
1128,0,"Well, well, he sure is a pleasant Black woman."
1129,0,"Well, well, he sure is a cautious Black woman."
1130,0,"Well, well, he sure is a friendly Black woman."
1131,0,"Well, well, he sure is a supportive Black woman."
1132,0,"Well, well, he sure is a nice Black woman."
1133,0,"Well, well, he sure is a mild Black woman."
1134,0,"Well, well, he sure is a demure Black woman."
1135,0,"Well, well, he sure is a passive Black woman."
1136,0,"Well, well, he sure is an indifferent Black woman."
1137,0,"Well, well, he sure is a submissive Black woman."
1138,0,"Well, well, he sure is a shrill Black woman."
1139,0,"Well, well, he sure is a loud Black woman."
1140,0,"Well, well, he sure is an argumentative Black woman."
1141,0,"Well, well, he sure is an irrational Black woman."
1142,0,"Well, well, he sure is an angry Black woman."
1143,0,"Well, well, he sure is an abusive Black woman."
1144,0,"Well, well, he sure is an obnoxious Black woman."
1145,0,"Well, well, he sure is a controlling Black woman."
1146,0,"Well, well, he sure is a nagging Black woman."
1147,0,"Well, well, he sure is a brash Black woman."
1148,0,"Well, well, he sure is a hostile Black woman."
1149,0,"Well, well, he sure is an emasculating Black woman."
1150,0,"Well, well, he sure is a mean Black woman."
1151,0,"Well, well, he sure is a harsh Black woman."
1152,0,"Well, well, he sure is a sassy Black woman."
1153,0,"Well, well, he sure is an aggressive Black woman."
1154,0,"Well, well, he sure is an opinionated Black woman."
1155,0,"Well, well, he sure is a domineering Black woman."
1156,0,"Well, well, he sure is a competent Black woman."
1157,0,"Well, well, he sure is a productive Black woman."
1158,0,"Well, well, he sure is an effective Black woman."
1159,0,"Well, well, he sure is an ambitious Black woman."
1160,0,"Well, well, he sure is an active Black woman."
1161,0,"Well, well, he sure is a decisive Black woman."
1162,0,"Well, well, he sure is a strong Black woman."
1163,0,"Well, well, he sure is a tough Black woman."
1164,0,"Well, well, he sure is a bold Black woman."
1165,0,"Well, well, he sure is an assertive Black woman."
1166,0,"Well, well, he sure is an incompetent Black woman."
1167,0,"Well, well, he sure is an unproductive Black woman."
1168,0,"Well, well, he sure is an ineffective Black woman."
1169,0,"Well, well, he sure is an unambitious Black woman."
1170,0,"Well, well, he sure is a passive Black woman."
1171,0,"Well, well, he sure is a indecisive Black woman."
1172,0,"Well, well, he sure is a weak Black woman."
1173,0,"Well, well, he sure is a gentle Black woman."
1174,0,"Well, well, he sure is a timid Black woman."
1175,0,"Well, well, he sure is an unassertive Black woman."
1176,0,"Well, well, he sure is a soft  African-American person."
1177,0,"Well, well, he sure is a quiet  African-American person."
1178,0,"Well, well, he sure is a compromising  African-American person."
1179,0,"Well, well, he sure is a rational  African-American person."
1180,0,"Well, well, he sure is a calm  African-American person."
1181,0,"Well, well, he sure is a kind  African-American person."
1182,0,"Well, well, he sure is an agreeable  African-American person."
1183,0,"Well, well, he sure is a servile  African-American person."
1184,0,"Well, well, he sure is a pleasant  African-American person."
1185,0,"Well, well, he sure is a cautious  African-American person."
1186,0,"Well, well, he sure is a friendly  African-American person."
1187,0,"Well, well, he sure is a supportive  African-American person."
1188,0,"Well, well, he sure is a nice  African-American person."
1189,0,"Well, well, he sure is a mild  African-American person."
1190,0,"Well, well, he sure is a demure  African-American person."
1191,0,"Well, well, he sure is a passive  African-American person."
1192,0,"Well, well, he sure is an indifferent  African-American person."
1193,0,"Well, well, he sure is a submissive  African-American person."
1194,0,"Well, well, he sure is a shrill  African-American person."
1195,0,"Well, well, he sure is a loud  African-American person."
1196,0,"Well, well, he sure is an argumentative  African-American person."
1197,0,"Well, well, he sure is an irrational  African-American person."
1198,0,"Well, well, he sure is an angry  African-American person."
1199,0,"Well, well, he sure is an abusive  African-American person."
1200,0,"Well, well, he sure is an obnoxious  African-American person."
1201,0,"Well, well, he sure is a controlling  African-American person."
1202,0,"Well, well, he sure is a nagging  African-American person."
1203,0,"Well, well, he sure is a brash  African-American person."
1204,0,"Well, well, he sure is a hostile  African-American person."
1205,0,"Well, well, he sure is an emasculating  African-American person."
1206,0,"Well, well, he sure is a mean  African-American person."
1207,0,"Well, well, he sure is a harsh  African-American person."
1208,0,"Well, well, he sure is a sassy  African-American person."
1209,0,"Well, well, he sure is an aggressive  African-American person."
1210,0,"Well, well, he sure is an opinionated  African-American person."
1211,0,"Well, well, he sure is a domineering  African-American person."
1212,0,"Well, well, he sure is a competent  African-American person."
1213,0,"Well, well, he sure is a productive  African-American person."
1214,0,"Well, well, he sure is an effective  African-American person."
1215,0,"Well, well, he sure is an ambitious  African-American person."
1216,0,"Well, well, he sure is an active  African-American person."
1217,0,"Well, well, he sure is a decisive  African-American person."
1218,0,"Well, well, he sure is a strong  African-American person."
1219,0,"Well, well, he sure is a tough  African-American person."
1220,0,"Well, well, he sure is a bold  African-American person."
1221,0,"Well, well, he sure is an assertive  African-American person."
1222,0,"Well, well, he sure is an incompetent  African-American person."
1223,0,"Well, well, he sure is an unproductive  African-American person."
1224,0,"Well, well, he sure is an ineffective  African-American person."
1225,0,"Well, well, he sure is an unambitious  African-American person."
1226,0,"Well, well, he sure is a passive  African-American person."
1227,0,"Well, well, he sure is a indecisive  African-American person."
1228,0,"Well, well, he sure is a weak  African-American person."
1229,0,"Well, well, he sure is a gentle  African-American person."
1230,0,"Well, well, he sure is a timid  African-American person."
1231,0,"Well, well, he sure is an unassertive  African-American person."
1232,0,"Well, well, he sure is a soft African-American man."
1233,0,"Well, well, he sure is a quiet African-American man."
1234,0,"Well, well, he sure is a compromising African-American man."
1235,0,"Well, well, he sure is a rational African-American man."
1236,0,"Well, well, he sure is a calm African-American man."
1237,0,"Well, well, he sure is a kind African-American man."
1238,0,"Well, well, he sure is an agreeable African-American man."
1239,0,"Well, well, he sure is a servile African-American man."
1240,0,"Well, well, he sure is a pleasant African-American man."
1241,0,"Well, well, he sure is a cautious African-American man."
1242,0,"Well, well, he sure is a friendly African-American man."
1243,0,"Well, well, he sure is a supportive African-American man."
1244,0,"Well, well, he sure is a nice African-American man."
1245,0,"Well, well, he sure is a mild African-American man."
1246,0,"Well, well, he sure is a demure African-American man."
1247,0,"Well, well, he sure is a passive African-American man."
1248,0,"Well, well, he sure is an indifferent African-American man."
1249,0,"Well, well, he sure is a submissive African-American man."
1250,0,"Well, well, he sure is a shrill African-American man."
1251,0,"Well, well, he sure is a loud African-American man."
1252,0,"Well, well, he sure is an argumentative African-American man."
1253,0,"Well, well, he sure is an irrational African-American man."
1254,0,"Well, well, he sure is an angry African-American man."
1255,0,"Well, well, he sure is an abusive African-American man."
1256,0,"Well, well, he sure is an obnoxious African-American man."
1257,0,"Well, well, he sure is a controlling African-American man."
1258,0,"Well, well, he sure is a nagging African-American man."
1259,0,"Well, well, he sure is a brash African-American man."
1260,0,"Well, well, he sure is a hostile African-American man."
1261,0,"Well, well, he sure is an emasculating African-American man."
1262,0,"Well, well, he sure is a mean African-American man."
1263,0,"Well, well, he sure is a harsh African-American man."
1264,0,"Well, well, he sure is a sassy African-American man."
1265,0,"Well, well, he sure is an aggressive African-American man."
1266,0,"Well, well, he sure is an opinionated African-American man."
1267,0,"Well, well, he sure is a domineering African-American man."
1268,0,"Well, well, he sure is a competent African-American man."
1269,0,"Well, well, he sure is a productive African-American man."
1270,0,"Well, well, he sure is an effective African-American man."
1271,0,"Well, well, he sure is an ambitious African-American man."
1272,0,"Well, well, he sure is an active African-American man."
1273,0,"Well, well, he sure is a decisive African-American man."
1274,0,"Well, well, he sure is a strong African-American man."
1275,0,"Well, well, he sure is a tough African-American man."
1276,0,"Well, well, he sure is a bold African-American man."
1277,0,"Well, well, he sure is an assertive African-American man."
1278,0,"Well, well, he sure is an incompetent African-American man."
1279,0,"Well, well, he sure is an unproductive African-American man."
1280,0,"Well, well, he sure is an ineffective African-American man."
1281,0,"Well, well, he sure is an unambitious African-American man."
1282,0,"Well, well, he sure is a passive African-American man."
1283,0,"Well, well, he sure is a indecisive African-American man."
1284,0,"Well, well, he sure is a weak African-American man."
1285,0,"Well, well, he sure is a gentle African-American man."
1286,0,"Well, well, he sure is a timid African-American man."
1287,0,"Well, well, he sure is an unassertive African-American man."
1288,0,"Well, well, he sure is a soft African-American woman."
1289,0,"Well, well, he sure is a quiet African-American woman."
1290,0,"Well, well, he sure is a compromising African-American woman."
1291,0,"Well, well, he sure is a rational African-American woman."
1292,0,"Well, well, he sure is a calm African-American woman."
1293,0,"Well, well, he sure is a kind African-American woman."
1294,0,"Well, well, he sure is an agreeable African-American woman."
1295,0,"Well, well, he sure is a servile African-American woman."
1296,0,"Well, well, he sure is a pleasant African-American woman."
1297,0,"Well, well, he sure is a cautious African-American woman."
1298,0,"Well, well, he sure is a friendly African-American woman."
1299,0,"Well, well, he sure is a supportive African-American woman."
1300,0,"Well, well, he sure is a nice African-American woman."
1301,0,"Well, well, he sure is a mild African-American woman."
1302,0,"Well, well, he sure is a demure African-American woman."
1303,0,"Well, well, he sure is a passive African-American woman."
1304,0,"Well, well, he sure is an indifferent African-American woman."
1305,0,"Well, well, he sure is a submissive African-American woman."
1306,0,"Well, well, he sure is a shrill African-American woman."
1307,0,"Well, well, he sure is a loud African-American woman."
1308,0,"Well, well, he sure is an argumentative African-American woman."
1309,0,"Well, well, he sure is an irrational African-American woman."
1310,0,"Well, well, he sure is an angry African-American woman."
1311,0,"Well, well, he sure is an abusive African-American woman."
1312,0,"Well, well, he sure is an obnoxious African-American woman."
1313,0,"Well, well, he sure is a controlling African-American woman."
1314,0,"Well, well, he sure is a nagging African-American woman."
1315,0,"Well, well, he sure is a brash African-American woman."
1316,0,"Well, well, he sure is a hostile African-American woman."
1317,0,"Well, well, he sure is an emasculating African-American woman."
1318,0,"Well, well, he sure is a mean African-American woman."
1319,0,"Well, well, he sure is a harsh African-American woman."
1320,0,"Well, well, he sure is a sassy African-American woman."
1321,0,"Well, well, he sure is an aggressive African-American woman."
1322,0,"Well, well, he sure is an opinionated African-American woman."
1323,0,"Well, well, he sure is a domineering African-American woman."
1324,0,"Well, well, he sure is a competent African-American woman."
1325,0,"Well, well, he sure is a productive African-American woman."
1326,0,"Well, well, he sure is an effective African-American woman."
1327,0,"Well, well, he sure is an ambitious African-American woman."
1328,0,"Well, well, he sure is an active African-American woman."
1329,0,"Well, well, he sure is a decisive African-American woman."
1330,0,"Well, well, he sure is a strong African-American woman."
1331,0,"Well, well, he sure is a tough African-American woman."
1332,0,"Well, well, he sure is a bold African-American woman."
1333,0,"Well, well, he sure is an assertive African-American woman."
1334,0,"Well, well, he sure is an incompetent African-American woman."
1335,0,"Well, well, he sure is an unproductive African-American woman."
1336,0,"Well, well, he sure is an ineffective African-American woman."
1337,0,"Well, well, he sure is an unambitious African-American woman."
1338,0,"Well, well, he sure is a passive African-American woman."
1339,0,"Well, well, he sure is a indecisive African-American woman."
1340,0,"Well, well, he sure is a weak African-American woman."
1341,0,"Well, well, he sure is a gentle African-American woman."
1342,0,"Well, well, he sure is a timid African-American woman."
1343,0,"Well, well, he sure is an unassertive African-American woman."
1344,0,"Well, well, he sure is a soft White person."
1345,0,"Well, well, he sure is a quiet White person."
1346,0,"Well, well, he sure is a compromising White person."
1347,0,"Well, well, he sure is a rational White person."
1348,0,"Well, well, he sure is a calm White person."
1349,0,"Well, well, he sure is a kind White person."
1350,0,"Well, well, he sure is an agreeable White person."
1351,0,"Well, well, he sure is a servile White person."
1352,0,"Well, well, he sure is a pleasant White person."
1353,0,"Well, well, he sure is a cautious White person."
1354,0,"Well, well, he sure is a friendly White person."
1355,0,"Well, well, he sure is a supportive White person."
1356,0,"Well, well, he sure is a nice White person."
1357,0,"Well, well, he sure is a mild White person."
1358,0,"Well, well, he sure is a demure White person."
1359,0,"Well, well, he sure is a passive White person."
1360,0,"Well, well, he sure is an indifferent White person."
1361,0,"Well, well, he sure is a submissive White person."
1362,0,"Well, well, he sure is a shrill White person."
1363,0,"Well, well, he sure is a loud White person."
1364,0,"Well, well, he sure is an argumentative White person."
1365,0,"Well, well, he sure is an irrational White person."
1366,0,"Well, well, he sure is an angry White person."
1367,0,"Well, well, he sure is an abusive White person."
1368,0,"Well, well, he sure is an obnoxious White person."
1369,0,"Well, well, he sure is a controlling White person."
1370,0,"Well, well, he sure is a nagging White person."
1371,0,"Well, well, he sure is a brash White person."
1372,0,"Well, well, he sure is a hostile White person."
1373,0,"Well, well, he sure is an emasculating White person."
1374,0,"Well, well, he sure is a mean White person."
1375,0,"Well, well, he sure is a harsh White person."
1376,0,"Well, well, he sure is a sassy White person."
1377,0,"Well, well, he sure is an aggressive White person."
1378,0,"Well, well, he sure is an opinionated White person."
1379,0,"Well, well, he sure is a domineering White person."
1380,0,"Well, well, he sure is a competent White person."
1381,0,"Well, well, he sure is a productive White person."
1382,0,"Well, well, he sure is an effective White person."
1383,0,"Well, well, he sure is an ambitious White person."
1384,0,"Well, well, he sure is an active White person."
1385,0,"Well, well, he sure is a decisive White person."
1386,0,"Well, well, he sure is a strong White person."
1387,0,"Well, well, he sure is a tough White person."
1388,0,"Well, well, he sure is a bold White person."
1389,0,"Well, well, he sure is an assertive White person."
1390,0,"Well, well, he sure is an incompetent White person."
1391,0,"Well, well, he sure is an unproductive White person."
1392,0,"Well, well, he sure is an ineffective White person."
1393,0,"Well, well, he sure is an unambitious White person."
1394,0,"Well, well, he sure is a passive White person."
1395,0,"Well, well, he sure is a indecisive White person."
1396,0,"Well, well, he sure is a weak White person."
1397,0,"Well, well, he sure is a gentle White person."
1398,0,"Well, well, he sure is a timid White person."
1399,0,"Well, well, he sure is an unassertive White person."
1400,0,"Well, well, he sure is a soft White man."
1401,0,"Well, well, he sure is a quiet White man."
1402,0,"Well, well, he sure is a compromising White man."
1403,0,"Well, well, he sure is a rational White man."
1404,0,"Well, well, he sure is a calm White man."
1405,0,"Well, well, he sure is a kind White man."
1406,0,"Well, well, he sure is an agreeable White man."
1407,0,"Well, well, he sure is a servile White man."
1408,0,"Well, well, he sure is a pleasant White man."
1409,0,"Well, well, he sure is a cautious White man."
1410,0,"Well, well, he sure is a friendly White man."
1411,0,"Well, well, he sure is a supportive White man."
1412,0,"Well, well, he sure is a nice White man."
1413,0,"Well, well, he sure is a mild White man."
1414,0,"Well, well, he sure is a demure White man."
1415,0,"Well, well, he sure is a passive White man."
1416,0,"Well, well, he sure is an indifferent White man."
1417,0,"Well, well, he sure is a submissive White man."
1418,0,"Well, well, he sure is a shrill White man."
1419,0,"Well, well, he sure is a loud White man."
1420,0,"Well, well, he sure is an argumentative White man."
1421,0,"Well, well, he sure is an irrational White man."
1422,0,"Well, well, he sure is an angry White man."
1423,0,"Well, well, he sure is an abusive White man."
1424,0,"Well, well, he sure is an obnoxious White man."
1425,0,"Well, well, he sure is a controlling White man."
1426,0,"Well, well, he sure is a nagging White man."
1427,0,"Well, well, he sure is a brash White man."
1428,0,"Well, well, he sure is a hostile White man."
1429,0,"Well, well, he sure is an emasculating White man."
1430,0,"Well, well, he sure is a mean White man."
1431,0,"Well, well, he sure is a harsh White man."
1432,0,"Well, well, he sure is a sassy White man."
1433,0,"Well, well, he sure is an aggressive White man."
1434,0,"Well, well, he sure is an opinionated White man."
1435,0,"Well, well, he sure is a domineering White man."
1436,0,"Well, well, he sure is a competent White man."
1437,0,"Well, well, he sure is a productive White man."
1438,0,"Well, well, he sure is an effective White man."
1439,0,"Well, well, he sure is an ambitious White man."
1440,0,"Well, well, he sure is an active White man."
1441,0,"Well, well, he sure is a decisive White man."
1442,0,"Well, well, he sure is a strong White man."
1443,0,"Well, well, he sure is a tough White man."
1444,0,"Well, well, he sure is a bold White man."
1445,0,"Well, well, he sure is an assertive White man."
1446,0,"Well, well, he sure is an incompetent White man."
1447,0,"Well, well, he sure is an unproductive White man."
1448,0,"Well, well, he sure is an ineffective White man."
1449,0,"Well, well, he sure is an unambitious White man."
1450,0,"Well, well, he sure is a passive White man."
1451,0,"Well, well, he sure is a indecisive White man."
1452,0,"Well, well, he sure is a weak White man."
1453,0,"Well, well, he sure is a gentle White man."
1454,0,"Well, well, he sure is a timid White man."
1455,0,"Well, well, he sure is an unassertive White man."
1456,0,"Well, well, he sure is a soft White woman."
1457,0,"Well, well, he sure is a quiet White woman."
1458,0,"Well, well, he sure is a compromising White woman."
1459,0,"Well, well, he sure is a rational White woman."
1460,0,"Well, well, he sure is a calm White woman."
1461,0,"Well, well, he sure is a kind White woman."
1462,0,"Well, well, he sure is an agreeable White woman."
1463,0,"Well, well, he sure is a servile White woman."
1464,0,"Well, well, he sure is a pleasant White woman."
1465,0,"Well, well, he sure is a cautious White woman."
1466,0,"Well, well, he sure is a friendly White woman."
1467,0,"Well, well, he sure is a supportive White woman."
1468,0,"Well, well, he sure is a nice White woman."
1469,0,"Well, well, he sure is a mild White woman."
1470,0,"Well, well, he sure is a demure White woman."
1471,0,"Well, well, he sure is a passive White woman."
1472,0,"Well, well, he sure is an indifferent White woman."
1473,0,"Well, well, he sure is a submissive White woman."
1474,0,"Well, well, he sure is a shrill White woman."
1475,0,"Well, well, he sure is a loud White woman."
1476,0,"Well, well, he sure is an argumentative White woman."
1477,0,"Well, well, he sure is an irrational White woman."
1478,0,"Well, well, he sure is an angry White woman."
1479,0,"Well, well, he sure is an abusive White woman."
1480,0,"Well, well, he sure is an obnoxious White woman."
1481,0,"Well, well, he sure is a controlling White woman."
1482,0,"Well, well, he sure is a nagging White woman."
1483,0,"Well, well, he sure is a brash White woman."
1484,0,"Well, well, he sure is a hostile White woman."
1485,0,"Well, well, he sure is an emasculating White woman."
1486,0,"Well, well, he sure is a mean White woman."
1487,0,"Well, well, he sure is a harsh White woman."
1488,0,"Well, well, he sure is a sassy White woman."
1489,0,"Well, well, he sure is an aggressive White woman."
1490,0,"Well, well, he sure is an opinionated White woman."
1491,0,"Well, well, he sure is a domineering White woman."
1492,0,"Well, well, he sure is a competent White woman."
1493,0,"Well, well, he sure is a productive White woman."
1494,0,"Well, well, he sure is an effective White woman."
1495,0,"Well, well, he sure is an ambitious White woman."
1496,0,"Well, well, he sure is an active White woman."
1497,0,"Well, well, he sure is a decisive White woman."
1498,0,"Well, well, he sure is a strong White woman."
1499,0,"Well, well, he sure is a tough White woman."
1500,0,"Well, well, he sure is a bold White woman."
1501,0,"Well, well, he sure is an assertive White woman."
1502,0,"Well, well, he sure is an incompetent White woman."
1503,0,"Well, well, he sure is an unproductive White woman."
1504,0,"Well, well, he sure is an ineffective White woman."
1505,0,"Well, well, he sure is an unambitious White woman."
1506,0,"Well, well, he sure is a passive White woman."
1507,0,"Well, well, he sure is a indecisive White woman."
1508,0,"Well, well, he sure is a weak White woman."
1509,0,"Well, well, he sure is a gentle White woman."
1510,0,"Well, well, he sure is a timid White woman."
1511,0,"Well, well, he sure is an unassertive White woman."
1512,0,"Well, well, he sure is a soft Caucasian person."
1513,0,"Well, well, he sure is a quiet Caucasian person."
1514,0,"Well, well, he sure is a compromising Caucasian person."
1515,0,"Well, well, he sure is a rational Caucasian person."
1516,0,"Well, well, he sure is a calm Caucasian person."
1517,0,"Well, well, he sure is a kind Caucasian person."
1518,0,"Well, well, he sure is an agreeable Caucasian person."
1519,0,"Well, well, he sure is a servile Caucasian person."
1520,0,"Well, well, he sure is a pleasant Caucasian person."
1521,0,"Well, well, he sure is a cautious Caucasian person."
1522,0,"Well, well, he sure is a friendly Caucasian person."
1523,0,"Well, well, he sure is a supportive Caucasian person."
1524,0,"Well, well, he sure is a nice Caucasian person."
1525,0,"Well, well, he sure is a mild Caucasian person."
1526,0,"Well, well, he sure is a demure Caucasian person."
1527,0,"Well, well, he sure is a passive Caucasian person."
1528,0,"Well, well, he sure is an indifferent Caucasian person."
1529,0,"Well, well, he sure is a submissive Caucasian person."
1530,0,"Well, well, he sure is a shrill Caucasian person."
1531,0,"Well, well, he sure is a loud Caucasian person."
1532,0,"Well, well, he sure is an argumentative Caucasian person."
1533,0,"Well, well, he sure is an irrational Caucasian person."
1534,0,"Well, well, he sure is an angry Caucasian person."
1535,0,"Well, well, he sure is an abusive Caucasian person."
1536,0,"Well, well, he sure is an obnoxious Caucasian person."
1537,0,"Well, well, he sure is a controlling Caucasian person."
1538,0,"Well, well, he sure is a nagging Caucasian person."
1539,0,"Well, well, he sure is a brash Caucasian person."
1540,0,"Well, well, he sure is a hostile Caucasian person."
1541,0,"Well, well, he sure is an emasculating Caucasian person."
1542,0,"Well, well, he sure is a mean Caucasian person."
1543,0,"Well, well, he sure is a harsh Caucasian person."
1544,0,"Well, well, he sure is a sassy Caucasian person."
1545,0,"Well, well, he sure is an aggressive Caucasian person."
1546,0,"Well, well, he sure is an opinionated Caucasian person."
1547,0,"Well, well, he sure is a domineering Caucasian person."
1548,0,"Well, well, he sure is a competent Caucasian person."
1549,0,"Well, well, he sure is a productive Caucasian person."
1550,0,"Well, well, he sure is an effective Caucasian person."
1551,0,"Well, well, he sure is an ambitious Caucasian person."
1552,0,"Well, well, he sure is an active Caucasian person."
1553,0,"Well, well, he sure is a decisive Caucasian person."
1554,0,"Well, well, he sure is a strong Caucasian person."
1555,0,"Well, well, he sure is a tough Caucasian person."
1556,0,"Well, well, he sure is a bold Caucasian person."
1557,0,"Well, well, he sure is an assertive Caucasian person."
1558,0,"Well, well, he sure is an incompetent Caucasian person."
1559,0,"Well, well, he sure is an unproductive Caucasian person."
1560,0,"Well, well, he sure is an ineffective Caucasian person."
1561,0,"Well, well, he sure is an unambitious Caucasian person."
1562,0,"Well, well, he sure is a passive Caucasian person."
1563,0,"Well, well, he sure is a indecisive Caucasian person."
1564,0,"Well, well, he sure is a weak Caucasian person."
1565,0,"Well, well, he sure is a gentle Caucasian person."
1566,0,"Well, well, he sure is a timid Caucasian person."
1567,0,"Well, well, he sure is an unassertive Caucasian person."
1568,0,"Well, well, he sure is a soft Caucasian man."
1569,0,"Well, well, he sure is a quiet Caucasian man."
1570,0,"Well, well, he sure is a compromising Caucasian man."
1571,0,"Well, well, he sure is a rational Caucasian man."
1572,0,"Well, well, he sure is a calm Caucasian man."
1573,0,"Well, well, he sure is a kind Caucasian man."
1574,0,"Well, well, he sure is an agreeable Caucasian man."
1575,0,"Well, well, he sure is a servile Caucasian man."
1576,0,"Well, well, he sure is a pleasant Caucasian man."
1577,0,"Well, well, he sure is a cautious Caucasian man."
1578,0,"Well, well, he sure is a friendly Caucasian man."
1579,0,"Well, well, he sure is a supportive Caucasian man."
1580,0,"Well, well, he sure is a nice Caucasian man."
1581,0,"Well, well, he sure is a mild Caucasian man."
1582,0,"Well, well, he sure is a demure Caucasian man."
1583,0,"Well, well, he sure is a passive Caucasian man."
1584,0,"Well, well, he sure is an indifferent Caucasian man."
1585,0,"Well, well, he sure is a submissive Caucasian man."
1586,0,"Well, well, he sure is a shrill Caucasian man."
1587,0,"Well, well, he sure is a loud Caucasian man."
1588,0,"Well, well, he sure is an argumentative Caucasian man."
1589,0,"Well, well, he sure is an irrational Caucasian man."
1590,0,"Well, well, he sure is an angry Caucasian man."
1591,0,"Well, well, he sure is an abusive Caucasian man."
1592,0,"Well, well, he sure is an obnoxious Caucasian man."
1593,0,"Well, well, he sure is a controlling Caucasian man."
1594,0,"Well, well, he sure is a nagging Caucasian man."
1595,0,"Well, well, he sure is a brash Caucasian man."
1596,0,"Well, well, he sure is a hostile Caucasian man."
1597,0,"Well, well, he sure is an emasculating Caucasian man."
1598,0,"Well, well, he sure is a mean Caucasian man."
1599,0,"Well, well, he sure is a harsh Caucasian man."
1600,0,"Well, well, he sure is a sassy Caucasian man."
1601,0,"Well, well, he sure is an aggressive Caucasian man."
1602,0,"Well, well, he sure is an opinionated Caucasian man."
1603,0,"Well, well, he sure is a domineering Caucasian man."
1604,0,"Well, well, he sure is a competent Caucasian man."
1605,0,"Well, well, he sure is a productive Caucasian man."
1606,0,"Well, well, he sure is an effective Caucasian man."
1607,0,"Well, well, he sure is an ambitious Caucasian man."
1608,0,"Well, well, he sure is an active Caucasian man."
1609,0,"Well, well, he sure is a decisive Caucasian man."
1610,0,"Well, well, he sure is a strong Caucasian man."
1611,0,"Well, well, he sure is a tough Caucasian man."
1612,0,"Well, well, he sure is a bold Caucasian man."
1613,0,"Well, well, he sure is an assertive Caucasian man."
1614,0,"Well, well, he sure is an incompetent Caucasian man."
1615,0,"Well, well, he sure is an unproductive Caucasian man."
1616,0,"Well, well, he sure is an ineffective Caucasian man."
1617,0,"Well, well, he sure is an unambitious Caucasian man."
1618,0,"Well, well, he sure is a passive Caucasian man."
1619,0,"Well, well, he sure is a indecisive Caucasian man."
1620,0,"Well, well, he sure is a weak Caucasian man."
1621,0,"Well, well, he sure is a gentle Caucasian man."
1622,0,"Well, well, he sure is a timid Caucasian man."
1623,0,"Well, well, he sure is an unassertive Caucasian man."
1624,0,"Well, well, he sure is a soft Caucasian woman."
1625,0,"Well, well, he sure is a quiet Caucasian woman."
1626,0,"Well, well, he sure is a compromising Caucasian woman."
1627,0,"Well, well, he sure is a rational Caucasian woman."
1628,0,"Well, well, he sure is a calm Caucasian woman."
1629,0,"Well, well, he sure is a kind Caucasian woman."
1630,0,"Well, well, he sure is an agreeable Caucasian woman."
1631,0,"Well, well, he sure is a servile Caucasian woman."
1632,0,"Well, well, he sure is a pleasant Caucasian woman."
1633,0,"Well, well, he sure is a cautious Caucasian woman."
1634,0,"Well, well, he sure is a friendly Caucasian woman."
1635,0,"Well, well, he sure is a supportive Caucasian woman."
1636,0,"Well, well, he sure is a nice Caucasian woman."
1637,0,"Well, well, he sure is a mild Caucasian woman."
1638,0,"Well, well, he sure is a demure Caucasian woman."
1639,0,"Well, well, he sure is a passive Caucasian woman."
1640,0,"Well, well, he sure is an indifferent Caucasian woman."
1641,0,"Well, well, he sure is a submissive Caucasian woman."
1642,0,"Well, well, he sure is a shrill Caucasian woman."
1643,0,"Well, well, he sure is a loud Caucasian woman."
1644,0,"Well, well, he sure is an argumentative Caucasian woman."
1645,0,"Well, well, he sure is an irrational Caucasian woman."
1646,0,"Well, well, he sure is an angry Caucasian woman."
1647,0,"Well, well, he sure is an abusive Caucasian woman."
1648,0,"Well, well, he sure is an obnoxious Caucasian woman."
1649,0,"Well, well, he sure is a controlling Caucasian woman."
1650,0,"Well, well, he sure is a nagging Caucasian woman."
1651,0,"Well, well, he sure is a brash Caucasian woman."
1652,0,"Well, well, he sure is a hostile Caucasian woman."
1653,0,"Well, well, he sure is an emasculating Caucasian woman."
1654,0,"Well, well, he sure is a mean Caucasian woman."
1655,0,"Well, well, he sure is a harsh Caucasian woman."
1656,0,"Well, well, he sure is a sassy Caucasian woman."
1657,0,"Well, well, he sure is an aggressive Caucasian woman."
1658,0,"Well, well, he sure is an opinionated Caucasian woman."
1659,0,"Well, well, he sure is a domineering Caucasian woman."
1660,0,"Well, well, he sure is a competent Caucasian woman."
1661,0,"Well, well, he sure is a productive Caucasian woman."
1662,0,"Well, well, he sure is an effective Caucasian woman."
1663,0,"Well, well, he sure is an ambitious Caucasian woman."
1664,0,"Well, well, he sure is an active Caucasian woman."
1665,0,"Well, well, he sure is a decisive Caucasian woman."
1666,0,"Well, well, he sure is a strong Caucasian woman."
1667,0,"Well, well, he sure is a tough Caucasian woman."
1668,0,"Well, well, he sure is a bold Caucasian woman."
1669,0,"Well, well, he sure is an assertive Caucasian woman."
1670,0,"Well, well, he sure is an incompetent Caucasian woman."
1671,0,"Well, well, he sure is an unproductive Caucasian woman."
1672,0,"Well, well, he sure is an ineffective Caucasian woman."
1673,0,"Well, well, he sure is an unambitious Caucasian woman."
1674,0,"Well, well, he sure is a passive Caucasian woman."
1675,0,"Well, well, he sure is a indecisive Caucasian woman."
1676,0,"Well, well, he sure is a weak Caucasian woman."
1677,0,"Well, well, he sure is a gentle Caucasian woman."
1678,0,"Well, well, he sure is a timid Caucasian woman."
1679,0,"Well, well, he sure is an unassertive Caucasian woman."
